Subject,Question,Image,OptionA,OptionB,OptionC,OptionD,Answer
Cricket,Which team did India defeat in the final to win the ICC Champions Trophy 2025?,,Australia,England,South Africa,New Zealand,New Zealand
Cricket,Who was India's leading run-scorer in the ICC Champions Trophy 2025?,,Shreyas Iyer,Virat Kohli,Rohit Sharma,KL Rahul,Shreyas Iyer
Cricket,Who took the most wickets for India in the ICC Champions Trophy 2025?,,Axar Patel & Mohammed Shami,Harshit Rana & Varun Chakravarthy,Varun Chakravarthy & Mohammed Shami,Axar Patel & Harshit Rana,Varun Chakravarthy & Mohammed Shami
Cricket,Who was the Player of the Tournament in the ICC Champions Trophy 2025?,,Rachin Ravindra,Virat Kohli,Rohit Sharma,Mitchell Santner,Rachin Ravindra
Cricket,Which country was the official host for ICC Champions Trophy 2025?,,India,UAE,Sri Lanka,Pakistan,Pakistan
Cricket,Who was India's leading run-scorer in the Asia Cup 2025?,,Abhishek Sharma,Tilak Varma,Shubman Gill,Suryakumar Yadav,Abhishek Sharma
Cricket,Who took the most wickets for India in the Asia Cup 2025?,,Varun Chakravarthy,Jasprit Bumrah,Arshdeep Singh,Kuldeep Yadav,Kuldeep Yadav
Cricket,Who was the Player of the Tournament in the Asia Cup 2025?,,Tilak Varma,Arshdeep Singh,Kuldeep Yadav,Abhishek Sharma,Abhishek Sharma
Cricket,Which country was the official host for Asia Cup 2025?,,India,UAE,Sri Lanka,Pakistan,UAE
Cricket,Which team did India defeat in the final to win the ICC Women's Cricket World Cup 2025?,,Australia,England,South Africa,New Zealand,South Africa
Cricket,Who was India's leading run-scorer in the ICC Women's Cricket World Cup 2025?,,Smriti Mandhana,Pratika Rawal,Jemimah Rodrigues,Shafali Verma,Smriti Mandhana
Cricket,Who took the most wickets for India in the ICC Women's Cricket World Cup 2025?,,Deepti Sharma,Shree Charani,Renuka Singh,Kranti Goud,Deepti Sharma
Cricket,Who was the Player of the Tournament in the ICC Women's Cricket World Cup 2025?,,Deepti Sharma,Laura Wolvaardt,Smriti Mandhana,Alyssa Healy,Deepti Sharma
Cricket,Which country was the official host for ICC Women's Cricket World Cup 2025?,,India,India & Sri Lanka,"India, Sri Lanka & Bangladesh",India & Bangladesh,India & Sri Lanka
Cricket,Which team handed India their only defeat during the ICC T20 World Cup 2007?,,Australia,New Zealand,Sri Lanka,South Africa,New Zealand
Cricket,Sachin Tendulkar was the first cricketer to score a double century in an ODI. Against which team did he achieve this feat?,,Australia,New Zealand,Sri Lanka,South Africa,South Africa
Cricket,Which cricketer holds the record for most centuries in One Day Internationals?,,Virat Kohli,Rohit Sharma,Sachin Tendulkar,Steve Smith,Virat Kohli
Cricket,Which edition of ICC Cricket World Cup (ODI) was first played outside England?,,1979,1983,1987,1992,1987
Cricket,Which cricketer holds the record for most centuries in Test Cricket?,,Virat Kohli,Sunil Gavaskar,Sachin Tendulkar,Steve Smith,Sachin Tendulkar
Entertainment,Identify the movie,ques_01.jpg,Kabhi Khushi Kabhi Gam,Baghban,Mohabbatein,Sarkar,Kabhi Khushi Kabhi Gam
Entertainment,Identify the movie,ques_02.jpg,Welcome,Bhagam Bhag,Phir Hera Pheri,Hera Pheri,Phir Hera Pheri
Entertainment,Identify the movie,ques_03.jpg,Sanju,Munna Bhai MBBS,Lagey Raho Munna Bhai,Jolly LLB,Munna Bhai MBBS
Entertainment,Identify the movie,ques_04.jpg,Golmaal,Dhol,Dhamaal,Halchal,Golmaal
Entertainment,Identify the movie,ques_05.jpg,Halchal,Hungama,Chupke Chupke,Chup Chup Ke,Chup Chup Ke
Entertainment,Identify the movie,ques_06.jpg,Waah Teri Shaadi,Vivah,Life Partner,Welcome to Sajjanpur,Vivah
Entertainment,Identify the movie,ques_07.jpg,Welcome,Bhagam Bhag,Phir Hera Pheri,Hera Pheri,Hera Pheri
Entertainment,Identify the movie,ques_08.jpg,Raazi,Bombay Velvet,Masaan,Bhoot,Masaan
Entertainment,Identify the movie,ques_09.jpg,Raazi,Gully Boy,Highway,Udta Punjab,Raazi
Entertainment,Identify the movie,ques_10.jpg,Daud,Dhamaal,Run,Bombay to Goa,Run
Entertainment,Identify the movie,ques_11.jpg,Hungama,Dhol,Dhamaal,Halchal,Hungama
Entertainment,Identify the movie,ques_12.jpg,Golmaal,Dhol,Dhamaal,Halchal,Dhamaal
Entertainment,Identify the movie,ques_13.jpg,Halchal,Andaz Apna Apna,Hungama,Gumnaam,Andaz Apna Apna
Entertainment,Identify the movie,ques_14.jpg,Bachchan Pandey,Bell Bottom,Tees Maar Khan,Khiladi 786,Khiladi 786
Entertainment,Identify the movie,ques_15.jpg,Golmaal,Dhol,All The Best,Dhamaal,All The Best
General Science,Which part of the human brain controls balance and posture?,,Cerebrum,Medulla,Cerebellum,Hypothalamus,Cerebellum
General Science,Which acid is present in lemon?,,Acetic acid,Citric acid,Hydrochloric acid,Lactic acid,Citric acid
General Science,The unit of force is:,,Joule,Pascal,Newton,Watt,Newton
General Science,Which vitamin helps in blood clotting?,,Vitamin A,Vitamin B,Vitamin C,Vitamin K,Vitamin K
General Science,The movement of Earth around the Sun is called:,,Rotation,Revolution,Oscillation,Translation,Revolution
General Science,Sound cannot travel through,,Air,Water,Vacuum,Solid,Vacuum
General Science,Which law explains why passengers fall forward when a bus stops suddenly?,,Newton’s First Law,Newton’s Second Law,Newton’s Third Law,Law of Gravitation,Newton’s First Law
General Science,Heat is transferred in solids mainly by:,,Radiation,Conduction,Convection,Evaporation,Conduction
General Science,Loudness of sound depends on:,,Frequency,Speed,Amplitude,Wavelength,Amplitude
General Science,"According to Ohm’s law, current is directly proportional to:",,Resistance,Power,Voltage,Length of wire,Voltage
General Science,A fuse wire has:,,High melting point,Low resistance,Low melting point,Thick diameter,Low melting point
General Science,Which device converts electrical energy into mechanical energy?,,Generator,Battery,Electric motor,Transformer,Electric motor
General Science,Sound travels fastest in:,,Air,Water,Vacuum,Solid,Solid
General Science,The phenomenon responsible for the formation of image in mirrors is:,,Refraction,Reflection,Dispersion,Diffraction,Reflection
General Science,SI Unit of Electric Conductance:,,Ohm,Mho,Siemens,Weber,Siemens
General Science,The weight of an object becomes zero when:,,It is thrown upward,It is at the center of Earth,It is moving,It is at rest,It is at the center of Earth
Computers & Technology,Which of the following is a secondary storage device?,,RAM,Cache,HDD,Register,HDD
Computers & Technology,Which of the following is a programming language?,,HTML,CSS,Dot Net,MATLAB,MATLAB
Computers & Technology,Which of the following is an example of application software?,,Linux,Windows,MS Word,BIOS,MS Word
Computers & Technology,Which of the following is an output device?,,Mouse,Scanner,Monitor,Keyboard,Monitor
Computers & Technology,Which of the following is an example of system software?,,MS Excel,Paint,Windows,Notepad,Windows
Computers & Technology,Which of the following is not a valid IPv4 address in networking?,,192.268.2.2,127.0.0.1,0xc0a80202,172.124.2.2,192.268.2.2
Computers & Technology,Which one of the following is not a CPU series?,,Pentium,Snapdragon,Athlon,GeForce,GeForce
Computers & Technology,Which of the following device cannot be used for paper printing?,,3D Printer,Laser Printer,Monochrome Printer,Plotter,3D Printer
Computers & Technology,Which of the following is not a communication medium?,,Optical fiber,Microwave,Router,Infrared,Router
Computers & Technology,Which of the following is not a storage media?,,Pendrive,Magnetic Tape,Memory Card,DVD Drive,DVD Drive
Computers & Technology,Which of the following is not a key on a standard keyboard?,,Home,End,Pause/Break,Run,Run
Computers & Technology,Which of the following is not a cyber attack?,,Phishing,Denial of Service (DOS),Bruteforce,Catching,Catching
Computers & Technology,Which of the following is not a networking device?,,Firewall,Router,Network Card,Ethernet,Ethernet
Computers & Technology,Which of the following is not related to Artificial Intelligence?,,Machine Learning,Natural Language Processing,Word Processor,Robotics,Word Processor
Computers & Technology,Which type of document cannot be created in MS Office software package?,,Spreadsheet,Presentation,Database,3D Animation,3D Animation
Computers & Technology,Which of the following is not a search engine on Internet?,,Bing,Duckduckgo,Stackoverflow,Yahoo,Stackoverflow
Computers & Technology,Which of the following is not a variant of Microsoft Windows?,,Windows XP,Windows Server,Microsoft Projects,Windows ME,Microsoft Projects
Computers & Technology,Which of the following is not related to Software Development?,,Compiler,Intepreter,Debugger,Control Panel,Control Panel
Computers & Technology,Which of the following is not a part of Microsoft Office package?,,Access,Paint,Outlook,OneNote,Paint
General Knowledge,Which of the following rivers does not originate in the Himalayas?,,Ganga,Yamuna,Saraswati,Satluj,Saraswati
General Knowledge,Which of these forts is not in Rajasthan?,,Kumbhalgarh Fort,Chittorgarh Fort,Raigad Fort,Mehrangarh Fort,Raigad Fort
General Knowledge,Which city is called the “City of Lakes” in North India?,,Jaipur,Udaipur,Lucknow,Indore,Udaipur
General Knowledge,The “Bhakra Nangal Dam” is built on which river?,,Ganga,Satluj,Yamuna,Beas,Satluj
General Knowledge,Which city is considered the cultural capital of North India for classical music and dance?,,Lucknow,Varanasi,Jaipur,Amritsar,Varanasi
General Knowledge,Which is the highest peak in North India?,,Nanda Devi,Kangchenjunga,Trisul,Kamet,Kangchenjunga
General Knowledge,The headquarters of Indian Army Northern Command is located at:,,Jaipur,Udhampur,Chandigarh,Dehradun,Udhampur
General Knowledge,Which North Indian city hosts the “International Yoga Festival”?,,Rishikesh,Haridwar,Dehradun,Roorkee,Rishikesh
General Knowledge,"As of 2025, how many Union Territories are there in India?",,6,7,8,9,8
General Knowledge,Which river is called the “Dakshin Ganga” (Ganga of the South)?,,Godavari,Kaveri,Krishna,Bhima,Godavari
General Knowledge,Which river passes through the famous Jim Corbett National Park?,,Ganga,Ramganga,Yamuna,Betwa,Ramganga
General Knowledge,Who presides over the joint session of Parliament?,,Speaker of Lok Sabha,Prime Minister,President of India,Chairman of Rajya Sabha,President of India
General Knowledge,The Vice-President of India is elected by:,,Members of Lok Sabha,Members of Rajya Sabha,Members of both Lok Sabha and Rajya Sabha,State Legislative Assemblies,Members of both Lok Sabha and Rajya Sabha
History,Which Mughal emperor built the Agra Fort?,,Shah Jahan,Akbar,Jahangir,Aurangzeb,Akbar
History,The famous Khajuraho Temples are associated with which dynasty?,,Maurya,Gupta,Chandela,Rajput,Chandela
History,When was Goa liberated from Portuguese rule and integrated into India?,,1947,1956,1961,1987,1961
History,The Iron Pillar at Mehrauli belongs to which dynasty?,,Maurya,Kushan,Gupta,Chandela,Gupta
History,The Mansabdari system was a feature of whose reign?,,Babur,Akbar,Jahangir,Shah Jahan,Akbar
History,The Battle of Plassey was fought between British East India Company and ____________:,,Tipu Sultan,Siraj-ud-Daulah,Mir Qasim,Haider Ali,Siraj-ud-Daulah
History,Who was the first Governor-General of British India?,,Lord Dalhousie,Warren Hastings,Lord Cornwallis,Robert Clive,Warren Hastings
History,The Revolt of 1857 began from:,,Delhi,Kanpur,Jhansi,Meerut,Meerut
History,The Green Revolution in India began during whose tenure as Prime Minister?,,Jawaharlal Nehru,Lal Bahadur Shastri,Indira Gandhi,Morarji Desai,Lal Bahadur Shastri
History,"Which Indian Prime Minister gave the slogan “Jai Jawan, Jai Kisan”?",,Jawaharlal Nehru,Lal Bahadur Shastri,Indira Gandhi,Morarji Desai,Lal Bahadur Shastri
History,Who was the first Chief Election Commissioner of India?,,Sukumar Sen,TN Seshan,RK Trivedi,SP Mukherjee,Sukumar Sen
Current Affairs,Who was the Chief Guest at the Republic Day Parade 2025?,,US President,Indonesia President,French President,Japanese Prime Minister,Indonesia President
Current Affairs,India has expanded its UPI system internationally to which of these countries?,,UAE & Singapore,Thailand & Indonesia,Russia & Brazil,South Africa & Zimbabwe,UAE & Singapore
Current Affairs,Defence exports from India reached an all-time high of about:,,"?10,000 crore","?15,000 crore","?23,000 crore","?50,000 crore","?23,000 crore"
Current Affairs,Which state became India’s largest economy in 2024–25?,,Maharashtra,Gujarat,Karnataka,Tamil Nadu,Maharashtra
Current Affairs,India surpassed which country to become the third-largest solar power generator in the world?,,USA,China,Germany,Japan,Japan
Current Affairs,Operation Black Forest (2025) was launched against which threat?,,Border infiltration,Naxalite–Maoist insurgents,Cyber attacks,Piracy in Indian Ocean,Naxalite–Maoist insurgents
Current Affairs,The longest rail tunnel breakthrough in India (2025) was part of a project to connect:,,Rishikesh-Karnaprayag,Jammu-Srinagar,Kalka-Manali,Kolkata-Siliguri,Rishikesh-Karnaprayag
Current Affairs,Operation Brahma involved India’s humanitarian response to an earthquake in which country?,,Nepal,Bangladesh,Myanmar,Afghanistan,Myanmar
Current Affairs,he Government of India launched which digital education initiative to train citizens in basic AI skills?,,LearnAI India,YUVA AI for ALL,AI Bharat Mission,Digi AI Skill,YUVA AI for ALL
Current Affairs,Which foreign tech company announced a $17.5 billion investment in India’s cloud and AI infrastructure?,,Google,Microsoft,Apple,Amazon,Microsoft
Current Affairs,Which global cultural recognition did India receive in 2025 for Diwali?,,UNESCO World Heritage Site,UNESCO Cultural Heritage,UNESCO Intangible Cultural Heritage,UNESCO World Heritage Festival,UNESCO Intangible Cultural Heritage
Current Affairs,Which city in India was approved to host the 2030 Commonwealth Games?,,New Delhi,Pune,Ahmedabad,Gandhinagar,Ahmedabad
Countries & Capitals,What is the capital of Ukraine?,,Kyiv,Odessa,Lviv,Kharkhiv,Kyiv
Countries & Capitals,What is the capital of Sweden?,,Bern,Stockholm,Oslo,Helsinki,Stockholm
Countries & Capitals,What is the capital of Israel?,,Tel Aviv,Haifa,Jerusalem,Beersheba,Jerusalem
Countries & Capitals,What is the capital of Argentina?,,Peru,Buenos Aires,Madrid,Prague,Buenos Aires
Countries & Capitals,Which country has the largest Muslim population?,,India,Pakistan,Indonesia,Malaysia,Indonesia
Countries & Capitals,Which country has the longest coastline in the world?,,USA,Australia,Canada,Russia,Canada
Countries & Capitals,Which country has the highest population density in the world?,,Bangladesh,India,Monaco,Hong Kong,Monaco
Countries & Capitals,Which country uses the Yen as its currency?,,China,Thailand,South Korea,Japan,Japan
Countries & Capitals,Which country has the most volcanoes?,,Australia,Japan,Indonesia,Vietnam,Indonesia
DRDO,CAIR is part of which DRDO Technology Cluster?,,MSS,ECS,MCC,AERO,MCC
DRDO,Which of the following is not a Young Scientist Laboratory of DRDO?,,Quantum Technology,Asymmetric Technologies,Strategic Technologies,Cognitive Technologies,Strategic Technologies
DRDO,CFEES is part of which DRDO Cluster?,,SSS,ACE,MCC,SAM,ACE
DRDO,DIITM is part of which DRDO Corporate Cluster?,,HR,TM,PC&SI,R&M,PC&SI
DRDO,DP&C is part of which DRDO Corporate Cluster?,,HR,TM,PC&SI,R&M,R&M
DRDO,DRDO’s indigenous Very Short Range Air Defence System is known as,,AKASH,SHORADS,VSHORADS,HAWK AD,VSHORADS
DRDO,Astra is a type of:,,Anti-tank missile,Air-to-air missile,Surface-to-air missile,Cruise missile,Air-to-air missile
DRDO,Pinaka is a:,,Short-range ballistic missile,Multi-barrel rocket launcher,Air defense missile,UAV,Multi-barrel rocket launcher
DRDO,DRDO developed Nirbhay missile is a:,,Short-range ballistic missile,Anti-tank missile,Subsonic cruise missile,Surface-to-air missile,Subsonic cruise missile
DRDO,DRDO developed HELINA and Dhruvastra are types of:,,Short-range ballistic missile,Anti-tank guided missile,Subsonic cruise missile,Surface-to-air missile,Anti-tank guided missile
DRDO,Which DRDO product is a hybrid propulsion missile?,,Prithvi,Shaurya,Nirbhay,Akash,Nirbhay
DRDO,What does LRDE stand for?,,Light Radar Development Establishment,Laser Research and Development Establishment,Electronics Radar Development Establishment,Electronics Research and Development Establishment,Electronics Research and Development Establishment
DRDO,What does CEMILAC stand for?,,Centre for Military Aeronautical Laboratory and Certification,Centre for Military Aircraft Airworthiness Systems,Centre for Military Airworthiness and Certification,Centre for Electronics and Military Aircraft Certification,Centre for Military Airworthiness and Certification
DRDO,Which of the following is NOT an MSS cluster laboratory of DRDO,,TBRL,ASL,RCI,GTRE,GTRE
